Portfolio,Period,Ann_Mean_Pct,Ann_Vol_Pct,Ann_Sharpe,Max_Drawdown_Pct,T_Stat,P_Value,N_Obs
Regular Momentum,2011-2017,10.042764513043458,11.797446824216735,0.8512659275080247,-16.794047644327758,2.0706361991922297,0.04208246129416971,71
VM Portfolio,2011-2017,7.095100435639012,11.718278856723034,0.605472913077879,-4.229126551847062,1.4727643747230892,0.14529696165724262,71
VM Leg,2011-2017,12.785411760568287,11.718278856723034,1.0910656690195606,-8.530429893547408,2.6539298672288196,0.009839509588630856,71
