Portfolio,Period,Ann_Mean_Pct,Ann_Vol_Pct,Ann_Sharpe,Max_Drawdown_Pct,T_Stat,P_Value,N_Obs
Regular Momentum,2000-2010,-7.658503073982742,27.856855117709127,-0.2749234628827174,-948.798788973634,-0.8657543118945256,0.38838172972596885,119
VM Portfolio,2000-2010,7.440624452062466,27.741100329692863,0.26821663032948795,-553.1405729605654,0.8446340002949657,0.40002445022059385,119
VM Leg,2000-2010,12.34939705096116,27.74110032969286,0.4451660858507082,-581.1509749559465,1.4018609190110232,0.1635817903673546,119
